{
  "XOR": {
    "w1": {
      "v": 1,
      "dim": [
        4,
        2
      ],
      "data": [
        3.922419,
        3.3398216,
        -0.42632794,
        -2.0337481,
        2.7631311,
        -3.0642953,
        0.17615879,
        3.875614
      ]
    },
    "b1": {
      "v": 1,
      "dim": [
        4
      ],
      "data": [
        -4.068983,
        -1.0234799,
        -0.30065036,
        -0.008274674
      ]
    },
    "w2": {
      "v": 1,
      "dim": [
        1,
        4
      ],
      "data": [
        -4.3858457,
        1.7065881,
        3.6138396,
        2.3235185
      ]
    },
    "b2": {
      "v": 1,
      "dim": [
        1
      ],
      "data": [
        -3.7202513
      ]
    },
    "activation_hidden": "ReLU",
    "activation_output": "Sigmoid"
  },
  "NAND": {
    "w1": {
      "v": 1,
      "dim": [
        4,
        2
      ],
      "data": [
        0.8590796,
        3.2548296,
        -3.8681152,
        3.598717,
        -1.7879523,
        -0.8116684,
        0.77019465,
        -0.20351732
      ]
    },
    "b1": {
      "v": 1,
      "dim": [
        4
      ],
      "data": [
        -1.4405488,
        -0.039133072,
        -2.174838,
        -2.865028
      ]
    },
    "w2": {
      "v": 1,
      "dim": [
        1,
        4
      ],
      "data": [
        -4.3397703,
        2.191368,
        0.3564223,
        1.6058662
      ]
    },
    "b2": {
      "v": 1,
      "dim": [
        1
      ],
      "data": [
        4.105461
      ]
    },
    "activation_hidden": "ReLU",
    "activation_output": "Sigmoid"
  },
  "OR": {
    "w1": {
      "v": 1,
      "dim": [
        4,
        2
      ],
      "data": [
        0.99417174,
        1.0779883,
        -0.66857123,
        -1.7838867,
        -0.25848794,
        0.4572724,
        3.6650085,
        1.9609936
      ]
    },
    "b1": {
      "v": 1,
      "dim": [
        4
      ],
      "data": [
        0.15628815,
        1.4757591,
        -1.9048504,
        0.21238399
      ]
    },
    "w2": {
      "v": 1,
      "dim": [
        1,
        4
      ],
      "data": [
        1.0554512,
        -2.9311843,
        1.258928,
        1.649324
      ]
    },
    "b2": {
      "v": 1,
      "dim": [
        1
      ],
      "data": [
        -0.46692848
      ]
    },
    "activation_hidden": "ReLU",
    "activation_output": "Sigmoid"
  },
  "AND": {
    "w1": {
      "v": 1,
      "dim": [
        4,
        2
      ],
      "data": [
        -2.4165678,
        -2.3247457,
        -3.334783,
        1.1444362,
        1.9525499,
        2.2463455,
        -1.108368,
        -0.95121956
      ]
    },
    "b1": {
      "v": 1,
      "dim": [
        4
      ],
      "data": [
        -2.39121,
        -0.46096933,
        -0.18494427,
        2.62479
      ]
    },
    "w2": {
      "v": 1,
      "dim": [
        1,
        4
      ],
      "data": [
        1.373122,
        -1.5026011,
        2.826643,
        -3.7743754
      ]
    },
    "b2": {
      "v": 1,
      "dim": [
        1
      ],
      "data": [
        -3.0632133
      ]
    },
    "activation_hidden": "ReLU",
    "activation_output": "Sigmoid"
  },
  "NOT": {
    "w1": {
      "v": 1,
      "dim": [
        4,
        1
      ],
      "data": [
        -1.0644157,
        2.0891466,
        0.6215521,
        -0.88664794
      ]
    },
    "b1": {
      "v": 1,
      "dim": [
        4
      ],
      "data": [
        1.6770822,
        1.4763397,
        -0.5753175,
        2.0160275
      ]
    },
    "w2": {
      "v": 1,
      "dim": [
        1,
        4
      ],
      "data": [
        1.82877,
        -2.3660336,
        -0.99165297,
        2.0402153
      ]
    },
    "b2": {
      "v": 1,
      "dim": [
        1
      ],
      "data": [
        0.80138135
      ]
    },
    "activation_hidden": "ReLU",
    "activation_output": "Sigmoid"
  }
}