{
  "w1": {
    "v": 1,
    "dim": [
      32,
      19
    ],
    "data": [
      -0.3214533,
      0.21493426,
      3.1651576,
      -0.33501822,
      0.38954198,
      -0.5056865,
      -0.20975257,
      -0.2386123,
      -0.2911127,
      0.17631885,
      3.124198,
      -0.3171027,
      0.40918547,
      -0.4827422,
      -0.2638877,
      -0.100478224,
      -2.2433002,
      0.40991163,
      0.7421661,
      1.1031177,
      0.96887916,
      -0.051033184,
      -0.16423593,
      -0.16170742,
      -0.08812187,
      -1.1693145,
      -0.19384308,
      0.98400295,
      1.2963188,
      -0.11911393,
      -0.17473452,
      0.0026445005,
      -0.0351611,
      -1.3079582,
      -0.031036401,
      -0.43215504,
      -0.10473066,
      -0.4283624,
      -0.07101681,
      -0.022774566,
      -0.08841996,
      0.70378286,
      0.7873998,
      -0.87861997,
      0.88723016,
      -1.1614034,
      0.056297902,
      -0.16038951,
      -0.0038528126,
      0.3085477,
      0.9737905,
      -0.9119344,
      0.7137297,
      -1.3776622,
      0.070958555,
      -0.034159195,
      -0.31951955,
      0.43384105,
      -1.3921218,
      -0.19757752,
      0.09835008,
      0.37400377,
      -1.372401,
      0.57085866,
      1.1302985,
      0.3033707,
      -1.4416089,
      -0.36533567,
      0.1010465,
      0.38862538,
      -1.3402857,
      0.7187158,
      1.2066889,
      0.43026248,
      -0.16286895,
      -0.33381763,
      0.020629263,
      0.24360684,
      0.11697517,
      -0.27136788,
      0.7374118,
      -1.784913,
      -1.1211793,
      1.0193157,
      0.08569065,
      0.21963227,
      0.27189007,
      -0.3228795,
      0.65661114,
      -1.8446437,
      -1.0167816,
      1.004525,
      0.921533,
      0.11512667,
      -0.250821,
      -0.2825416,
      0.24951246,
      0.12135058,
      0.5363684,
      0.037165057,
      -0.42813715,
      -1.95755,
      -0.044941142,
      -0.28033632,
      0.3910386,
      0.37706965,
      0.714483,
      -0.17400621,
      -0.49600443,
      -2.029942,
      0.17146851,
      1.339944,
      -0.5441709,
      -0.49489275,
      -0.53827965,
      -0.13010962,
      1.4006205,
      0.26232195,
      -0.36330137,
      0.70776844,
      0.50911164,
      0.5909652,
      -0.9480278,
      -0.15538086,
      1.3450185,
      0.14050569,
      -0.5829631,
      0.47442514,
      0.37045458,
      0.5637042,
      -1.0999234,
      0.40141758,
      0.48870465,
      0.08611262,
      -0.66803217,
      0.64998627,
      -0.07308356,
      -0.21476775,
      0.84809923,
      -1.0078565,
      -1.2189951,
      0.06580219,
      -0.7878794,
      0.4237081,
      -0.2907004,
      -0.00022591176,
      0.7402572,
      -0.7753795,
      -1.2405066,
      1.3573897,
      -0.025818473,
      -0.033805788,
      -0.2043262,
      0.027773254,
      -0.32726556,
      1.4006773,
      1.004757,
      0.40759274,
      0.71134627,
      -0.13295506,
      -0.43671495,
      0.1035003,
      -0.27967,
      1.3701853,
      0.98385316,
      0.3723782,
      0.6939252,
      -0.046426084,
      -2.440581,
      0.21198732,
      0.35546723,
      0.02275406,
      0.105630435,
      -0.035103437,
      -1.7738843,
      0.062318627,
      0.26397377,
      -0.62302595,
      0.37327552,
      -0.30067402,
      -0.1911658,
      0.020810286,
      -1.8726275,
      0.4238309,
      0.53693634,
      -0.62781644,
      0.3268674,
      1.4982203,
      -0.32705218,
      -0.19638109,
      0.32408655,
      -0.13097776,
      -0.43747494,
      1.5950083,
      -0.6972395,
      -0.72626626,
      -0.118219875,
      1.0649457,
      0.22362769,
      -0.10262076,
      -0.6070524,
      1.5924187,
      -0.4939528,
      -0.66334075,
      0.05366661,
      0.9816989,
      -1.1106197,
      0.004593559,
      0.31172428,
      -0.10162444,
      -0.06933949,
      0.13893953,
      0.44112572,
      0.31027597,
      -0.11766354,
      0.009413496,
      -3.072547,
      -0.15156476,
      -0.04930557,
      0.077134885,
      0.41629717,
      0.21386835,
      -0.06256397,
      -0.05247018,
      -3.0019732,
      2.480916,
      -0.45424592,
      -0.50197744,
      0.35335967,
      1.6644138,
      -0.08491576,
      0.50475186,
      -1.0146178,
      -0.96107334,
      -0.26272488,
      -0.18905328,
      0.6595463,
      1.3751646,
      0.0741588,
      0.80727357,
      -0.85473233,
      -0.8013243,
      -0.0016567856,
      -0.41253826,
      -0.4502974,
      0.097123526,
      0.0032756971,
      0.15844029,
      0.039036058,
      0.8097142,
      -0.14915866,
      -0.094851635,
      1.6875763,
      -0.073676705,
      -0.46177712,
      0.24563277,
      0.2162988,
      0.89822453,
      -0.2870069,
      -0.14855297,
      1.7180425,
      0.025126738,
      -0.37525955,
      -2.0752287,
      0.4949788,
      0.3583009,
      1.0591683,
      -0.46925384,
      -0.23334491,
      0.041541737,
      -0.42106122,
      1.256235,
      -0.33033115,
      0.4117924,
      0.7458941,
      -0.75485754,
      0.072312154,
      -0.061251298,
      -0.6426436,
      1.4713687,
      -0.03638334,
      0.6148276,
      -1.1290598,
      0.2809838,
      0.081792735,
      0.06189598,
      -1.4638921,
      0.40910628,
      0.7233453,
      0.76448464,
      0.6638028,
      0.2427938,
      0.09274186,
      0.074973635,
      -1.4130081,
      0.2780028,
      0.67387897,
      0.89973086,
      0.813746,
      0.16910681,
      -0.34047574,
      -0.8879238,
      0.3502144,
      -0.4271941,
      -0.6361058,
      0.14298123,
      -1.6114663,
      0.47961354,
      0.51301944,
      0.097058415,
      0.28032568,
      -0.6468283,
      -0.65212345,
      -0.0544345,
      -1.4469727,
      0.4613508,
      0.6533945,
      0.39541143,
      0.5468149,
      -0.20200032,
      0.5006283,
      -0.29757565,
      -0.042221967,
      0.5222642,
      -0.8550683,
      0.7361047,
      -0.5109023,
      0.21470134,
      -0.60622406,
      0.63059425,
      -1.1840719,
      0.51771253,
      -0.94335496,
      1.0025668,
      0.0053294427,
      0.08626203,
      -0.33671284,
      1.0994184,
      -1.0322255,
      0.5511761,
      0.07713368,
      -0.051198993,
      -0.7478353,
      0.020571921,
      -0.10957803,
      -0.6349036,
      0.5185392,
      1.884776,
      0.20010297,
      0.41180974,
      -0.36525303,
      -0.030281145,
      -0.1716662,
      -0.3759625,
      0.49094915,
      1.7005869,
      0.10618736,
      0.37495425,
      -1.402252,
      0.52146596,
      0.4849691,
      0.098996975,
      -1.7132592,
      0.048118286,
      0.21352184,
      -1.3589808,
      0.28263175,
      -0.2797781,
      0.49250358,
      0.15546323,
      -1.664652,
      0.18985571,
      0.2634731,
      -1.3408028,
      0.5295618,
      -0.2733694,
      0.3988922,
      1.6833881,
      -0.5088371,
      -0.38550544,
      1.2823821,
      -0.5346235,
      -0.38821837,
      -0.6798825,
      1.2007004,
      -0.2798808,
      0.28597602,
      -0.6640829,
      0.852899,
      -0.67008615,
      -0.537918,
      -0.6011109,
      0.90088415,
      -0.64754677,
      0.22064814,
      -0.7563021,
      0.2702127,
      -0.061445016,
      -0.10028115,
      0.5381555,
      -0.14552692,
      0.3285974,
      0.58150876,
      0.06085017,
      0.2285303,
      -1.6550628,
      -0.08892334,
      0.63500535,
      -0.09710513,
      -0.05617089,
      0.37176844,
      -0.23334497,
      -0.0367388,
      -1.5646855,
      -0.030305427,
      0.49851042,
      -0.56090564,
      -0.54238904,
      1.3209265,
      0.2285855,
      -0.61923915,
      -0.19321279,
      0.009330526,
      1.0202961,
      -0.03008047,
      -0.17482461,
      1.5452914,
      0.29699913,
      -0.7285362,
      -0.001443399,
      0.24975803,
      1.0325065,
      0.0014681462,
      0.031153621,
      -1.7404811,
      0.04530323,
