{
  "w1": {
    "v": 1,
    "dim": [
      24,
      16
    ],
    "data": [
      -0.060620423,
      -0.05576209,
      -0.0223943,
      -0.32387626,
      -0.4499232,
      -0.83692425,
      -1.6537248,
      -3.2329345,
      0.11238428,
      0.1776953,
      -0.009853567,
      0.025507433,
      0.507959,
      0.96115637,
      1.5389259,
      3.2900147,
      -0.165551,
      -0.27167907,
      -0.38062373,
      -0.06832483,
      0.17006752,
      0.2044941,
      -0.43966183,
      -0.13598873,
      0.105584,
      -0.21432789,
      0.03526268,
      0.096414566,
      -0.04343152,
      -0.041457616,
      0.14945838,
      -0.25487202,
      -0.06531305,
      -0.2578981,
      0.215351,
      -0.036745425,
      0.20727248,
      0.30900547,
      0.8421985,
      0.9316814,
      -0.27306613,
      -0.09367832,
      0.37823159,
      0.16179001,
      0.0804766,
      -0.08167522,
      -0.84438074,
      -1.2552968,
      -0.18971734,
      -0.054455347,
      -0.27874422,
      -0.45268136,
      0.13580003,
      -0.1297995,
      -1.1067414,
      -1.6435721,
      -0.20855802,
      0.30112818,
      0.13389409,
      0.48129138,
      -0.3038962,
      0.7825225,
      0.9632496,
      1.4593723,
      -0.08046559,
      0.010402573,
      0.26983824,
      0.39617175,
      0.44162774,
      0.50770164,
      1.2175581,
      2.2879412,
      -0.20680127,
      0.10922575,
      -0.07518241,
      -0.22306126,
      -0.44408622,
      -0.7506641,
      -0.9156779,
      -2.4959195,
      -0.07931619,
      0.16101675,
      0.16233926,
      0.1720447,
      0.44918743,
      0.81945,
      1.9041053,
      3.285897,
      -0.1389163,
      -0.06874639,
      -0.02992593,
      -0.22478606,
      -0.50399977,
      -0.9994439,
      -1.7750572,
      -3.4071891,
      -0.35994735,
      -0.2712381,
      -0.23695391,
      -0.41702923,
      -0.088194296,
      0.20817655,
      -0.22303915,
      0.4913063,
      -0.2847954,
      0.45837137,
      0.23158267,
      -0.29960635,
      0.22684766,
      0.2210664,
      -0.23207578,
      -0.58516073,
      -0.16334043,
      -0.0077440664,
      -0.31537193,
      -0.30411497,
      -0.06288629,
      0.49214366,
      0.1656904,
      1.2881703,
      0.25268358,
      -0.06873473,
      -0.029943433,
      -0.031866882,
      -0.100569755,
      0.19555043,
      -0.80035615,
      -0.6861658,
      0.34380588,
      -0.36164206,
      -0.27481416,
      0.04910336,
      -0.25128105,
      -0.543641,
      -0.17478156,
      -0.733284,
      0.0061611077,
      -0.11589597,
      0.03863166,
      0.26011172,
      0.009886137,
      -0.040270437,
      0.29835847,
      1.1236883,
      -0.11874245,
      0.068939105,
      0.05370546,
      -0.33527416,
      -0.53949857,
      -0.62107605,
      -1.5859023,
      -2.7742002,
      0.004211059,
      0.15382364,
      -0.03874481,
      0.019923277,
      0.24611257,
      0.83121747,
      1.5271187,
      2.852561,
      -0.003656899,
      -0.09736658,
      -0.39853817,
      -0.05445087,
      0.12041875,
      0.11546494,
      0.28738162,
      0.33224773,
      0.23208979,
      -0.108879365,
      0.07889194,
      -0.26079705,
      -0.018053813,
      0.30436087,
      0.12586713,
      -0.67783827,
      -0.1336685,
      -0.19570094,
      0.24731508,
      0.24295105,
      -0.2746695,
      0.10827524,
      -0.009967554,
      1.1462617,
      0.23613574,
      0.019550478,
      -0.36470112,
      -0.25638816,
      0.13813436,
      0.28054282,
      -0.66224426,
      -0.46741447,
      0.0037527154,
      -0.3241347,
      -0.1845303,
      0.36338827,
      0.4192912,
      0.6748927,
      0.27152565,
      1.431608,
      -0.11088245,
      0.04770981,
      -0.383016,
      0.059031863,
      -0.39687014,
      -0.6405281,
      -0.4784828,
      -0.8443676,
      -0.3089661,
      -0.2479702,
      -0.18950297,
      0.059432834,
      -0.18632776,
      -0.3340179,
      0.6305811,
      0.3775412,
      -0.2311037,
      0.28369313,
      0.03313804,
      -0.3529458,
      0.34094027,
      -0.4296065,
      -0.13247734,
      -0.4368342,
      0.067412496,
      -0.14790116,
      -0.10597564,
      -0.019850347,
      -0.021159137,
      0.8874149,
      1.0370592,
      2.0092845,
      0.27935132,
      -0.26796582,
      -0.24367815,
      -0.06574973,
      -0.07811215,
      -0.13191609,
      -0.9361155,
      -1.9522908,
      -0.020372413,
      -0.1691589,
      -0.14930625,
      -0.30641603,
      -0.4223297,
      -0.6318377,
      -1.5651248,
      -2.731612,
      0.20489529,
      0.13660297,
      0.15121923,
      0.23147136,
      0.32575172,
      0.58671343,
      1.4455568,
      2.8141844,
      0.4481206,
      0.13580874,
      -0.14803138,
      0.29728094,
      0.078015886,
      0.06463989,
      0.1568794,
      0.38723543,
      0.3321086,
      0.28324777,
      -0.120536916,
      -0.30269182,
      0.19753593,
      0.280615,
      0.2696419,
      -0.14266887,
      -0.3386437,
      -0.14613101,
      0.045727078,
      0.034105074,
      0.40393612,
      0.5315558,
      1.2819096,
      1.4792633,
      0.061419666,
      0.024602586,
      -0.09308505,
      0.17114311,
      -0.33290258,
      -0.3080008,
      -0.80089647,
      -1.7295138,
      0.40668264,
      -0.18470015,
      -0.18567532,
      0.4569116,
      0.13186917,
      0.5724228,
      0.405606,
      0.94585186,
      -0.09803713,
      -0.3442321,
      -0.39635953,
      -0.44013655,
      -0.19624887,
      -0.35192215,
      -0.42838615,
      -0.57393205,
      -0.16795465,
      0.17222977,
      0.22866458,
      0.07746599,
      -0.48494977,
      -0.31129143,
      -0.79959804,
      -1.3096629,
      -0.038390115,
      -0.17237386,
      -0.32385156,
      0.42217314,
      0.42908412,
      0.46881244,
      0.6781288,
      1.2345998,
      0.10967463,
      -0.47639734,
      -0.33478868,
      0.059040073,
      -0.46830827,
      0.05418355,
      -0.11000087,
      -0.6592188,
      -0.2733274,
      -0.22895503,
      0.070282586,
      0.11361251,
      0.31866732,
      -0.019867206,
      0.54144984,
      0.78788924,
      -0.36086315,
      -0.46406683,
      -0.18889995,
      0.05779069,
      0.26535186,
      0.15471663,
      -0.52216864,
      -0.5526567,
      -0.18898761,
      0.43542898,
      -0.14736862,
      -0.11726024,
      -0.098123305,
      0.30348235,
      0.12377386,
      1.1168268,
      -0.07221944,
      -0.021527259,
      -0.25419807,
      -0.17145063,
      -0.63491905,
      -1.004991,
      -2.0145214,
      -3.7670135,
      0.07991671,
      0.14638259,
      0.20195389,
      0.11888548,
      0.44228026,
      1.0396403,
      1.908799,
      3.8664062,
      0.054948427,
      0.094247125,
      0.35662225,
      -0.054896504,
      -0.43525615,
      -0.31247526,
      0.46584368,
      0.52523607,
      -0.058459472,
      -0.34155178,
      -0.35814822,
      -0.35404226,
      0.47585517,
      -0.30916858,
      -0.3182995,
      0.20230092
    ]
  },
  "b1": {
    "v": 1,
    "dim": [
      24
    ],
    "data": [
      -0.03521828,
      -0.089718245,
      -0.035976052,
      0.0315798,
      -0.0022076906,
      0.16402721,
      0.029567549,
      0.041149307,
      -0.035720054,
      0.09758452,
      0.061641574,
      0.008150177,
      0.07646865,
      0.09483086,
      -0.053494513,
      0.005140381,
      -0.06588505,
      -0.079826556,
      0.055056795,
      -0.11807445,
      -0.04068169,
      -0.01054678,
      0.052047372,
      -0.060366552
    ]
  },
  "w2": {
    "v": 1,
    "dim": [
      3,
      24
    ],