{
  "w1": {
    "v": 1,
    "dim": [
      32,
      16
    ],
    "data": [
      0.16658388,
      -0.40390083,
      -0.39427668,
      -0.3739934,
      -0.12658754,
      -0.406604,
      -0.67403895,
      -1.5484824,
      0.1558089,
      -0.17068249,
      -0.23467343,
      0.06201952,
      -0.052129425,
      -0.41050902,
      -0.86263424,
      -1.298267,
      -3.0282757,
      5.0951586,
      -0.05315209,
      -0.04478513,
      -0.08625401,
      -0.04270737,
      -0.0914076,
      -0.12038688,
      -3.0559578,
      -5.928074,
      -0.08890135,
      -0.05321357,
      -0.06555942,
      -0.003183764,
      -0.09825694,
      -0.121992365,
      -0.3525978,
      -0.31222093,
      0.5223666,
      -0.3298302,
      -0.077579275,
      0.03880529,
      0.20213594,
      1.4705412,
      -0.13178419,
      0.079852626,
      0.2792851,
      -0.36957222,
      -0.38541883,
      -0.033879865,
      0.54990035,
      1.0853158,
      -0.30470031,
      -0.37719765,
      0.26577398,
      -0.3231969,
      0.3238092,
      -0.35615686,
      -0.18702996,
      -0.960641,
      -0.17182025,
      0.30929643,
      -0.0033108334,
      -0.5134132,
      -0.6659465,
      -0.3676154,
      -0.52708745,
      -0.35548493,
      -0.7353802,
      -1.4737915,
      -3.7104921,
      0.10667823,
      0.10486885,
      0.0361277,
      0.12405935,
      0.07958642,
      -0.67338896,
      -1.7749605,
      -3.79151,
      0.056455843,
      0.05637601,
      0.0878888,
      0.13808443,
      0.050266292,
      -0.3071379,
      -0.15102203,
      -0.34471744,
      0.20606445,
      0.117603585,
      -0.10392804,
      -0.17691085,
      -0.4864288,
      -0.21092363,
      -0.3867322,
      -0.13139339,
      0.05318939,
      -0.40733182,
      -0.13492295,
      -0.5197478,
      -0.86354935,
      -0.95088166,
      -1.9185432,
      -0.2927945,
      -0.5342483,
      -0.19425917,
      0.13777259,
      -0.09222315,
      -0.11685179,
      -0.93716365,
      -2.504801,
      -0.10765568,
      0.29866108,
      0.09605677,
      0.1262002,
      0.02878122,
      0.01908691,
      0.2671981,
      -0.17167135,
      0.04022516,
      0.17487958,
      -0.42330608,
      -0.29641777,
      -0.5711492,
      -1.3750522,
      0.3432254,
      -0.49041528,
      0.08712017,
      -0.09301425,
      0.17814516,
      -0.45656174,
      -0.5928389,
      -1.2245306,
      -0.3982603,
      -0.33941212,
      -0.76208043,
      -0.18115568,
      -0.28886864,
      -0.6007222,
      0.24050085,
      -0.047510587,
      -0.4211455,
      -0.32232755,
      -0.7806528,
      -0.17375155,
      -0.14291677,
      -0.3195715,
      -0.32841307,
      -0.15000506,
      -1.2740369,
      2.1509838,
      -0.4020766,
      -0.44043824,
      -0.43217188,
      -0.36429533,
      -0.3536718,
      -0.45385456,
      -1.2822802,
      1.2042072,
      -0.34916463,
      -0.48229346,
      -0.34838328,
      -0.36714375,
      -0.4883595,
      -0.23652394,
      -0.24462421,
      0.31157646,
      0.3651861,
      -0.109121226,
      0.16752243,
      0.23024029,
      0.3994406,
      0.95908076,
      -0.42907035,
      -0.19983786,
      0.20671874,
      -0.33975556,
      0.069725424,
      0.4156479,
      0.45920393,
      1.0581275,
      0.16497058,
      -0.25250867,
      -0.4407056,
      -0.42671543,
      -0.19283636,
      -0.11984453,
      0.37832543,
      0.19472525,
      -0.5717012,
      -0.49999842,
      -0.58062917,
      -0.46376652,
      -0.110260986,
      0.054711398,
      -0.20103054,
      0.29247683,
      -0.20768218,
      -0.6760579,
      0.7150304,
      0.00728377,
      -0.35254428,
      -0.27208942,
      -0.36336362,
      -0.19492632,
      -0.3335537,
      -0.8941889,
      -1.4180946,
      -0.46428224,
      -0.43168655,
      0.21150607,
      -0.30201793,
      0.05982765,
      -0.056652337,
      0.5489568,
      0.58717775,
      -0.23991218,
      -0.25504112,
      -0.20943235,
      -0.56463516,
      -0.7422746,
      0.042465087,
      0.20270035,
      0.48394278,
      -0.08563789,
      -0.4935416,
      -0.21711573,
      -0.56346387,
      -1.3333595,
      -1.5301996,
      -0.7264609,
      -0.10674458,
      -0.179455,
      -0.3006415,
      -0.07488745,
      -0.009195469,
      -0.2922868,
      -1.4843442,
      0.50105214,
      -0.41773486,
      -0.045769703,
      0.1994104,
      -0.24744916,
      -0.18652502,
      -0.1317207,
      0.022781895,
      0.29334128,
      -0.19163375,
      0.05946973,
      0.095192224,
      -0.3302462,
      -0.60531193,
      -1.0322709,
      0.16825275,
      -0.15059167,
      -0.48448366,
      -0.27591503,
      0.02251354,
      -0.2037499,
      0.01776923,
      -0.9219198,
      -0.4227162,
      -0.41925007,
      -1.106967,
      -1.8386174,
      -0.5311451,
      -0.016148552,
      -0.3248208,
      -0.10191116,
      -0.23750646,
      -0.43392107,
      -0.63185954,
      -1.8055639,
      0.4790623,
      0.16363753,
      0.03271282,
      -0.15519302,
      0.26083648,
      -0.26415017,
      -0.13972987,
      -0.18340503,
      -0.25198808,
      -0.28490826,
      -0.1706242,
      -0.3238095,
      0.37844166,
      -0.4396191,
      -0.77803874,
      -0.30453458,
      -0.40027767,
      -0.103097424,
      -0.39738247,
      -0.320015,
      -0.030120375,
      0.013117144,
      0.2188534,
      -0.007149069,
      0.17585486,
      0.60003346,
      1.166159,
      2.3241146,
      -0.3538616,
      -0.015659807,
      0.15100598,
      -0.11628338,
      0.29926467,
      0.55011594,
      1.1555274,
      2.322837,
      -1.4179925,
      -2.7787597,
      -0.06366231,
      0.13727143,
      0.022453755,
      -0.051241193,
      0.013742892,
      -0.00206122,
      -1.4022862,
      -3.5202796,
      -0.018466936,
      -0.09551477,
      0.017851274,
      -0.0077914777,
      -0.1645011,
      0.05435262,
      0.17298256,
      0.34207678,
      -0.13224308,
      -0.17887934,
      -0.3007941,
      -0.70266515,
      -1.4332068,
      -3.2807243,
      0.042389162,
      0.08621883,
      0.042428624,
      0.09324989,
      -0.1899796,
      -0.49142087,
      -1.3581035,
      -3.218372,
      0.12537713,
      -0.41199577,
      -0.5107923,
      0.04606538,
      0.2859877,
      0.40999272,
      0.6565528,
      1.0467435,
      -0.13162218,
      -0.0010148119,
      -0.37205085,
      0.22968702,
      -0.0017159362,
      0.16687368,
      0.4303054,
      1.1615703,
      -5.6311784,
      -0.18342072,
      -0.12872456,
      -0.20764805,
      -0.1172035,
      -0.14978406,
      -0.11655614,
      -0.17908828,
      4.96269,
      -0.2046939,
      -0.21543925,
      -0.21765462,
      -0.20897381,
      -0.19113447,
      -0.15871523,
      -0.1600774,
      0.2604555,
      0.047201943,
      0.008242133,
      -0.38045463,
      -0.66018313,
      -1.3126166,
      -2.7443228,
      -5.542631,
      0.18399316,
      -0.041751925,
      0.08247759,
      -0.27587456,
      -0.72918594,
      -1.4498763,
      -2.8492887,
      -5.6224003,
      -0.57343435,
      -0.3520409,
      0.034641277,
      -0.48581743,
      0.14594646,
      0.22632976,
      0.064330965,
      -0.8030073,
      -0.3503906,
      -0.51281685,
      -0.3082838,
      -0.39892924,
      -0.21039051,
      -0.6766518,
      -0.17008416,
      -0.5294437,
      0.21739587,
      0.005136259,
      -0.37164015,
      0.15100616,
      -0.24875218,
      -0.1106664,
      0.01670501,
      0.9190286,
      -0.44345966,
      -0.24416845,
      -0.44847006,
      -0.32249025,
      0.13245897,
      -0.08532337,
      0.45669216,
      0.5279088,
      -0.7644938,
      -0.19169737,
      -0.63486016,
      0.055984173,
      0.04242957,
      0.093154654,
      -0.54209256,
      -0.2668485,
      0.3028126,
      -0.00981441,
      -0.45859978,
      -0.63780105,
      0.026728494,
